<annotation>
	<folder>three_combo</folder>
	<filename>HONEY0004.png</filename>
	<path>D:\images\three_combo\HONEY0004.png</path>
	<source>
		<database>Unknown</database>
	</source>
	<size>
		<width>256</width>
		<height>256</height>
		<depth>3</depth>
	</size>
	<segmented>0</segmented>
	<object>
		<name>HONEY</name>
		<pose>Unspecified</pose>
		<truncated>0</truncated>
		<difficult>0</difficult>
		<bndbox>
			<xmin>11</xmin>
			<ymin>34</ymin>
			<xmax>96</xmax>
			<ymax>206</ymax>
		</bndbox>
	</object>
	<object>
		<name>HONEY</name>
		<pose>Unspecified</pose>
		<truncated>0</truncated>
		<difficult>0</difficult>
		<bndbox>
			<xmin>135</xmin>
			<ymin>32</ymin>
			<xmax>217</xmax>
			<ymax>220</ymax>
		</bndbox>
	</object>
	<object>
		<name>HONEY</name>
		<pose>Unspecified</pose>
		<truncated>1</truncated>
		<difficult>0</difficult>
		<bndbox>
			<xmin>218</xmin>
			<ymin>42</ymin>
			<xmax>256</xmax>
			<ymax>201</ymax>
		</bndbox>
	</object>
</annotation>
