<annotation>
	<folder>three_combo</folder>
	<filename>HONEY0006.png</filename>
	<path>D:\images\three_combo\HONEY0006.png</path>
	<source>
		<database>Unknown</database>
	</source>
	<size>
		<width>256</width>
		<height>256</height>
		<depth>3</depth>
	</size>
	<segmented>0</segmented>
	<object>
		<name>HONEY</name>
		<pose>Unspecified</pose>
		<truncated>1</truncated>
		<difficult>0</difficult>
		<bndbox>
			<xmin>45</xmin>
			<ymin>54</ymin>
			<xmax>205</xmax>
			<ymax>256</ymax>
		</bndbox>
	</object>
</annotation>
