<annotation>
	<folder>three_combo</folder>
	<filename>HONEY0000.png</filename>
	<path>D:\images\three_combo\HONEY0000.png</path>
	<source>
		<database>Unknown</database>
	</source>
	<size>
		<width>256</width>
		<height>256</height>
		<depth>3</depth>
	</size>
	<segmented>0</segmented>
	<object>
		<name>HONEY</name>
		<pose>Unspecified</pose>
		<truncated>0</truncated>
		<difficult>0</difficult>
		<bndbox>
			<xmin>41</xmin>
			<ymin>115</ymin>
			<xmax>98</xmax>
			<ymax>197</ymax>
		</bndbox>
	</object>
	<object>
		<name>HONEY</name>
		<pose>Unspecified</pose>
		<truncated>0</truncated>
		<difficult>0</difficult>
		<bndbox>
			<xmin>106</xmin>
			<ymin>56</ymin>
			<xmax>202</xmax>
			<ymax>200</ymax>
		</bndbox>
	</object>
</annotation>
