<annotation>
	<folder>three_combo</folder>
	<filename>HONEY0003.png</filename>
	<path>D:\images\three_combo\HONEY0003.png</path>
	<source>
		<database>Unknown</database>
	</source>
	<size>
		<width>256</width>
		<height>256</height>
		<depth>3</depth>
	</size>
	<segmented>0</segmented>
	<object>
		<name>HONEY</name>
		<pose>Unspecified</pose>
		<truncated>0</truncated>
		<difficult>0</difficult>
		<bndbox>
			<xmin>36</xmin>
			<ymin>9</ymin>
			<xmax>166</xmax>
			<ymax>195</ymax>
		</bndbox>
	</object>
	<object>
		<name>HONEY</name>
		<pose>Unspecified</pose>
		<truncated>0</truncated>
		<difficult>0</difficult>
		<bndbox>
			<xmin>168</xmin>
			<ymin>157</ymin>
			<xmax>223</xmax>
			<ymax>250</ymax>
		</bndbox>
	</object>
</annotation>
