<annotation>
	<folder>three_combo</folder>
	<filename>HONEY0074.png</filename>
	<path>D:\images\three_combo\HONEY0074.png</path>
	<source>
		<database>Unknown</database>
	</source>
	<size>
		<width>256</width>
		<height>256</height>
		<depth>3</depth>
	</size>
	<segmented>0</segmented>
	<object>
		<name>HONEY</name>
		<pose>Unspecified</pose>
		<truncated>1</truncated>
		<difficult>0</difficult>
		<bndbox>
			<xmin>75</xmin>
			<ymin>1</ymin>
			<xmax>223</xmax>
			<ymax>233</ymax>
		</bndbox>
	</object>
</annotation>
