<annotation>
	<folder>three_combo</folder>
	<filename>HONEY0073.png</filename>
	<path>D:\images\three_combo\HONEY0073.png</path>
	<source>
		<database>Unknown</database>
	</source>
	<size>
		<width>256</width>
		<height>256</height>
		<depth>3</depth>
	</size>
	<segmented>0</segmented>
	<object>
		<name>HONEY</name>
		<pose>Unspecified</pose>
		<truncated>0</truncated>
		<difficult>0</difficult>
		<bndbox>
			<xmin>36</xmin>
			<ymin>4</ymin>
			<xmax>138</xmax>
			<ymax>216</ymax>
		</bndbox>
	</object>
</annotation>
