<annotation>
	<folder>three_combo</folder>
	<filename>NUTS0059.png</filename>
	<path>D:\images\three_combo\NUTS0059.png</path>
	<source>
		<database>Unknown</database>
	</source>
	<size>
		<width>256</width>
		<height>256</height>
		<depth>3</depth>
	</size>
	<segmented>0</segmented>
	<object>
		<name>NUTS</name>
		<pose>Unspecified</pose>
		<truncated>0</truncated>
		<difficult>0</difficult>
		<bndbox>
			<xmin>154</xmin>
			<ymin>42</ymin>
			<xmax>227</xmax>
			<ymax>148</ymax>
		</bndbox>
	</object>
</annotation>
