<annotation>
	<folder>three_combo</folder>
	<filename>NUTS0062.png</filename>
	<path>D:\images\three_combo\NUTS0062.png</path>
	<source>
		<database>Unknown</database>
	</source>
	<size>
		<width>256</width>
		<height>256</height>
		<depth>3</depth>
	</size>
	<segmented>0</segmented>
	<object>
		<name>NUTS</name>
		<pose>Unspecified</pose>
		<truncated>0</truncated>
		<difficult>0</difficult>
		<bndbox>
			<xmin>2</xmin>
			<ymin>60</ymin>
			<xmax>202</xmax>
			<ymax>227</ymax>
		</bndbox>
	</object>
</annotation>
