<annotation>
	<folder>three_combo</folder>
	<filename>NUTS0060.png</filename>
	<path>D:\images\three_combo\NUTS0060.png</path>
	<source>
		<database>Unknown</database>
	</source>
	<size>
		<width>256</width>
		<height>256</height>
		<depth>3</depth>
	</size>
	<segmented>0</segmented>
	<object>
		<name>NUTS</name>
		<pose>Unspecified</pose>
		<truncated>0</truncated>
		<difficult>0</difficult>
		<bndbox>
			<xmin>128</xmin>
			<ymin>122</ymin>
			<xmax>253</xmax>
			<ymax>219</ymax>
		</bndbox>
	</object>
	<object>
		<name>NUTS</name>
		<pose>Unspecified</pose>
		<truncated>0</truncated>
		<difficult>0</difficult>
		<bndbox>
			<xmin>110</xmin>
			<ymin>41</ymin>
			<xmax>232</xmax>
			<ymax>118</ymax>
		</bndbox>
	</object>
</annotation>
