<annotation>
	<folder>three_combo</folder>
	<filename>NUTS0007.png</filename>
	<path>D:\images\three_combo\NUTS0007.png</path>
	<source>
		<database>Unknown</database>
	</source>
	<size>
		<width>256</width>
		<height>256</height>
		<depth>3</depth>
	</size>
	<segmented>0</segmented>
	<object>
		<name>NUTS</name>
		<pose>Unspecified</pose>
		<truncated>0</truncated>
		<difficult>0</difficult>
		<bndbox>
			<xmin>45</xmin>
			<ymin>33</ymin>
			<xmax>184</xmax>
			<ymax>147</ymax>
		</bndbox>
	</object>
	<object>
		<name>NUTS</name>
		<pose>Unspecified</pose>
		<truncated>0</truncated>
		<difficult>0</difficult>
		<bndbox>
			<xmin>188</xmin>
			<ymin>32</ymin>
			<xmax>255</xmax>
			<ymax>149</ymax>
		</bndbox>
	</object>
</annotation>
