<annotation>
	<folder>three_combo</folder>
	<filename>NUTS0008.png</filename>
	<path>D:\images\three_combo\NUTS0008.png</path>
	<source>
		<database>Unknown</database>
	</source>
	<size>
		<width>256</width>
		<height>256</height>
		<depth>3</depth>
	</size>
	<segmented>0</segmented>
	<object>
		<name>NUTS</name>
		<pose>Unspecified</pose>
		<truncated>0</truncated>
		<difficult>0</difficult>
		<bndbox>
			<xmin>77</xmin>
			<ymin>58</ymin>
			<xmax>136</xmax>
			<ymax>148</ymax>
		</bndbox>
	</object>
	<object>
		<name>NUTS</name>
		<pose>Unspecified</pose>
		<truncated>0</truncated>
		<difficult>0</difficult>
		<bndbox>
			<xmin>161</xmin>
			<ymin>144</ymin>
			<xmax>193</xmax>
			<ymax>214</ymax>
		</bndbox>
	</object>
	<object>
		<name>NUTS</name>
		<pose>Unspecified</pose>
		<truncated>0</truncated>
		<difficult>0</difficult>
		<bndbox>
			<xmin>204</xmin>
			<ymin>149</ymin>
			<xmax>248</xmax>
			<ymax>212</ymax>
		</bndbox>
	</object>
</annotation>
