<annotation>
	<folder>three_combo</folder>
	<filename>PASTA0013.png</filename>
	<path>D:\images\three_combo\PASTA0013.png</path>
	<source>
		<database>Unknown</database>
	</source>
	<size>
		<width>256</width>
		<height>256</height>
		<depth>3</depth>
	</size>
	<segmented>0</segmented>
	<object>
		<name>PASTA</name>
		<pose>Unspecified</pose>
		<truncated>0</truncated>
		<difficult>0</difficult>
		<bndbox>
			<xmin>25</xmin>
			<ymin>118</ymin>
			<xmax>100</xmax>
			<ymax>208</ymax>
		</bndbox>
	</object>
</annotation>
