<annotation>
	<folder>three_combo</folder>
	<filename>PASTA0002.png</filename>
	<path>D:\images\three_combo\PASTA0002.png</path>
	<source>
		<database>Unknown</database>
	</source>
	<size>
		<width>256</width>
		<height>256</height>
		<depth>3</depth>
	</size>
	<segmented>0</segmented>
	<object>
		<name>PASTA</name>
		<pose>Unspecified</pose>
		<truncated>0</truncated>
		<difficult>0</difficult>
		<bndbox>
			<xmin>89</xmin>
			<ymin>31</ymin>
			<xmax>153</xmax>
			<ymax>202</ymax>
		</bndbox>
	</object>
</annotation>
